<?xml version="1.0" encoding="utf-8"?>
<extension type="component" version="3.0" method="upgrade">

   <name>SMS Newsletter</name>
   <version>1.0.0</version>
   <creationDate>92</creationDate>
   <author>پی سی جوملا</author>
   <authorEmail>abimanager@gmail.com</authorEmail>
   <authorUrl>p30joomla.com</authorUrl>
   <copyright>p30joomla.com</copyright>
   <license>p30joomla.com</license>
   <description>خربنامه پیامکی پی سی جوملا نسخه 3.5</description>

  	<install>
	<sql>
		<file driver="mysql" charset="utf8">sql/install.mysql.utf8.sql</file>
	</sql>
	</install>
    
	<uninstall>
	<sql>
		<file driver="mysql" charset="utf8">sql/uninstall.mysql.utf8.sql</file>
	</sql>
	</uninstall>
    
    
  <administration>
    <menu  link="option=com_smsnewsletter">Negin-Sms-Panel</menu>
    <submenu>
    <menu link="option=com_smsnewsletter&amp;task=newsletter"  >Newsletter</menu>
	<menu link="option=com_smsnewsletter&amp;task=subscriber" >Subscriber</menu>
    </submenu>

      <files folder="administrator/components/com_smsnewsletter">
         <filename>action.smsnewsletter.php</filename>
         <filename>smsnewsletter.php</filename>
         <filename>controller.smsnewsletter.php</filename>
         <filename>htmldisplayer.smsnewsletter.php</filename>
         <filename>index.html</filename> 
         <filename>config.xml</filename> 
		 <folder>sql</folder>		 
      </files>
   </administration>



</extension>

