<?xml version="1.0" encoding="UTF-8"?><?xml-stylesheet type='text/xsl' href='_UpgradeReport_Files/UpgradeReport.xslt'?><UpgradeLog>
<Properties><Property Name="Solution" Value="ProxyWS">
</Property><Property Name="Solution File" Value="C:\Documents and Settings\a_hadizadeh\Desktop\sample\Web Service Sample\ProxyWS.sln">
</Property><Property Name="User Options File" Value="C:\Documents and Settings\a_hadizadeh\Desktop\sample\Web Service Sample\ProxyWS.suo">
</Property><Property Name="Date" Value="Sunday, July 11, 2010">
</Property><Property Name="Time" Value="14:27 PM">
</Property><Property Name="Log Number" Value="2">
</Property></Properties><Event ErrorLevel="0" Project="" Source="ProxyWS.sln" Description="File successfully backed up as C:\Documents and Settings\a_hadizadeh\Desktop\sample\Web Service Sample\Backup\ProxyWS.sln">
</Event><Event ErrorLevel="0" Project="" Source="ProxyWS.suo" Description="File successfully backed up as C:\Documents and Settings\a_hadizadeh\Desktop\sample\Web Service Sample\Backup\ProxyWS.suo">
</Event><Event ErrorLevel="0" Project="ProxyWS" Source="ProxyWS.csproj" Description="Project file successfully backed up as C:\Documents and Settings\a_hadizadeh\Desktop\sample\Web Service Sample\Backup\ProxyWS.csproj">
</Event><Event ErrorLevel="0" Project="ProxyWS" Source="ProxyWS.csproj.user" Description="Project user file successfully backed up as C:\Documents and Settings\a_hadizadeh\Desktop\sample\Web Service Sample\Backup\ProxyWS.csproj.user">
</Event><Event ErrorLevel="0" Project="ProxyWS" Source="AssemblyInfo.cs" Description="File successfully backed up as C:\Documents and Settings\a_hadizadeh\Desktop\sample\Web Service Sample\Backup\AssemblyInfo.cs">
</Event><Event ErrorLevel="0" Project="ProxyWS" Source="WebService.cs" Description="File successfully backed up as C:\Documents and Settings\a_hadizadeh\Desktop\sample\Web Service Sample\Backup\WebService.cs">
</Event><Event ErrorLevel="0" Project="ProxyWS" Source="Web References\SOAPSmsQueue\Reference.cs" Description="File successfully backed up as C:\Documents and Settings\a_hadizadeh\Desktop\sample\Web Service Sample\Backup\Web References\SOAPSmsQueue\Reference.cs">
</Event><Event ErrorLevel="0" Project="ProxyWS" Source="App.config" Description="File successfully backed up as C:\Documents and Settings\a_hadizadeh\Desktop\sample\Web Service Sample\Backup\App.config">
</Event><Event ErrorLevel="0" Project="ProxyWS" Source="Web References\SOAPSmsQueue\Reference.map" Description="File successfully backed up as C:\Documents and Settings\a_hadizadeh\Desktop\sample\Web Service Sample\Backup\Web References\SOAPSmsQueue\Reference.map">
</Event><Event ErrorLevel="0" Project="ProxyWS" Source="Web References\SOAPSmsQueue\SOAPSmsQueue.wsdl" Description="File successfully backed up as C:\Documents and Settings\a_hadizadeh\Desktop\sample\Web Service Sample\Backup\Web References\SOAPSmsQueue\SOAPSmsQueue.wsdl">
</Event><Event ErrorLevel="0" Project="ProxyWS" Source="App.ico" Description="File successfully backed up as C:\Documents and Settings\a_hadizadeh\Desktop\sample\Web Service Sample\Backup\App.ico">
</Event><Event ErrorLevel="0" Project="ProxyWS" Source="WebService.resx" Description="File successfully backed up as C:\Documents and Settings\a_hadizadeh\Desktop\sample\Web Service Sample\Backup\WebService.resx">
</Event><Event ErrorLevel="0" Project="ProxyWS" Source="ProxyWS.csproj" Description="Project converted successfully">
</Event><Event ErrorLevel="3" Project="ProxyWS" Source="ProxyWS.csproj" Description="Converted">
</Event><Event ErrorLevel="0" Project="" Source="ProxyWS.sln" Description="Solution converted successfully">
</Event><Event ErrorLevel="3" Project="" Source="ProxyWS.sln" Description="Converted">
</Event><Event ErrorLevel="0" Project="ProxyWS" Source="ProxyWS.csproj" Description="Scan complete: Upgrade not required for project files.">
</Event></UpgradeLog>