<?xml version="1.0" encoding="UTF-8"?><?xml-stylesheet type='text/xsl' href='_UpgradeReport_Files/UpgradeReport.xslt'?><UpgradeLog>
<Properties><Property Name="Solution" Value="ProxyWS">
</Property><Property Name="Solution File" Value="E:\Web Service\New Web Service\ProxyWS.sln">
</Property><Property Name="Date" Value="2007/08/08">
</Property><Property Name="Time" Value="15:42 ب.ظ">
</Property></Properties><Event ErrorLevel="0" Project="ProxyWS" Source="ProxyWS.csproj" Description="Project converted successfully">
</Event><Event ErrorLevel="3" Project="ProxyWS" Source="ProxyWS.csproj" Description="Converted">
</Event><Event ErrorLevel="0" Project="" Source="ProxyWS.sln" Description="Solution converted successfully">
</Event><Event ErrorLevel="3" Project="" Source="ProxyWS.sln" Description="Converted">
</Event><Event ErrorLevel="0" Project="ProxyWS" Source="ProxyWS.csproj" Description="Scan complete: Upgrade not required for project files.">
</Event></UpgradeLog>